term_label	ÎąCD3_5min	ÎąCD3_ÎąCD226_5min	ÎąCD3_ÎąICOS_5min	ÎąCD3_ÎąCD2_5min	ÎąCD3_10min	ÎąCD3_ÎąCD226_10min	ÎąCD3_ÎąICOS_10min	ÎąCD3_ÎąCD2_10min
GOBP_CYTOPLASMIC_TRANSLATION	0.6096698515435596	1.0621479067488449	0.4343692742987126	20.0	0.07701518429111714	0.5015501218611044	0.05140247611293034	0.0791812460476248
GOBP_ERBB_SIGNALING_PATHWAY	0.5342468963414717	0.7271672877993928	1.8035621572457117	0.3964044932884518	2.9003671286564794	0.41181641215602605	1.7863457289989175	1.754348335711019
GOBP_NEURAL_PRECURSOR_CELL_PROLIFERATION	0.08992168788100775	0.19583531725143838	0.16186778092531107	0.22867473660951124	0.04600004542981347	0.16785794172799753	20.0	0.6298890851927199
GOBP_REGULATION_OF_CELLULAR_RESPONSE_TO_TRANSFORMING_GROWTH_FACTOR_BETA_STIMULUS	0.06361032393586369	1.4742162640762562	1.0179115893087025	2.245512667814156	1.612783856719736	0.6587450023753048	0.13932697807952718	1.735066349684296
GOBP_TRANSFORMING_GROWTH_FACTOR_BETA_RECEPTOR_SIGNALING_PATHWAY	0.9777236052888479	20.0	1.585460729508502	20.0	1.1437352225623478	0.9176487071628688	0.06245662862564659	20.0
